ip_from	ip_to,CONVERTED
41.191.232.0 41.191.239.255,
197.221.228.0 197.221.228.255,
41.60.71.0 41.60.71.255,
196.29.32.0 196.29.37.255,
41.57.124.0 41.57.124.255,
197.211.242.0 197.211.242.255,
41.60.68.0 41.60.70.255,
41.60.111.0 41.60.111.255,
196.27.96.0 196.27.96.255,
41.220.27.0 41.220.27.255,
196.43.124.0 196.43.124.255,
169.239.24.0 169.239.27.255,
41.190.32.0 41.190.34.255,
41.190.35.0 41.190.35.255,
102.177.72.0 102.177.75.255,
41.60.76.0 41.60.80.255,
46.17.232.0 46.17.236.255,
197.221.225.0 197.221.225.255,
154.119.90.0 154.119.90.255,
102.177.121.0 102.177.121.255,
196.43.99.0 196.43.107.255,
41.60.214.0 41.60.214.255,
41.220.25.0 41.220.25.255,
196.44.176.0 196.44.191.255,
77.246.55.0 77.246.55.255,
197.221.253.0 197.221.253.255,
41.60.32.0 41.60.32.255,
197.155.239.0 197.155.239.255,
197.155.238.0 197.155.238.255,
197.155.229.0 197.155.231.255,
197.211.254.0 197.211.254.255,
41.60.72.0 41.60.73.255,
41.60.63.0 41.60.63.255,
196.201.22.0 196.201.22.255,
196.27.101.0 196.27.101.255,
41.220.21.0 41.220.21.255,
41.79.28.0 41.79.31.255,
217.74.235.0 217.74.239.255,
102.177.192.0 102.177.255.255,
154.120.224.0 154.120.226.255,
154.120.232.0 154.120.233.255,
196.201.23.0 196.201.23.255,
197.221.233.0 197.221.239.255,
196.201.16.0 196.201.21.255,
196.11.59.0 196.11.59.255,
188.164.1.0 188.164.1.255,
41.60.47.0 41.60.47.255,
41.60.35.0 41.60.35.255,
41.60.48.0 41.60.62.255,
46.17.238.0 46.17.238.255,
154.120.208.0 154.120.209.255,
154.120.229.0 154.120.229.255,
196.201.146.0 196.201.147.255,
102.165.112.0 102.165.115.255,
102.128.76.0 102.128.79.255,
196.43.199.0 196.43.199.255,
196.43.125.0 196.43.127.255,
41.190.63.0 41.190.63.255,
41.60.66.0 41.60.67.255,
41.221.148.0 41.221.159.255,
41.220.18.0 41.220.18.255,
64.86.26.0 64.86.27.255,
41.220.16.0 41.220.17.255,
77.246.48.0 77.246.53.255,
196.220.96.0 196.220.127.255,
196.27.108.0 196.27.109.255,
41.60.36.0 41.60.36.255,
41.220.19.0 41.220.20.255,
196.216.224.0 196.216.225.255,
41.60.85.0 41.60.85.255,
197.221.241.0 197.221.241.255,
41.60.84.0 41.60.84.255,
41.79.57.0 41.79.57.255,
41.79.56.0 41.79.56.255,
41.60.117.0 41.60.117.255,
197.221.251.0 197.221.252.255,
41.220.26.0 41.220.26.255,
196.27.102.0 196.27.102.255,
41.220.28.0 41.220.28.255,
41.60.81.0 41.60.81.255,
196.27.110.0 196.27.111.255,
41.60.82.0 41.60.83.255,
154.73.80.0 154.73.83.255,
197.211.192.0 197.211.241.255,
196.201.130.0 196.201.131.255,
41.60.45.0 41.60.46.255,
154.120.231.0 154.120.231.255,
196.27.125.0 196.27.125.255,
41.60.43.0 41.60.44.255,
196.49.46.0 196.49.46.255,
196.201.1.0 196.201.1.255,
77.246.60.0 77.246.61.255,
217.74.231.0 217.74.231.255,
41.220.29.0 41.220.29.255,
41.60.101.0 41.60.109.255,
41.57.125.0 41.57.127.255,
41.60.40.0 41.60.40.255,
197.158.128.0 197.158.191.255,
41.220.30.0 41.220.31.255,
41.216.124.0 41.216.127.255,
41.190.62.0 41.190.62.255,
197.211.243.0 197.211.253.255,
154.120.228.0 154.120.228.255,
154.120.234.0 154.120.234.255,
41.60.100.0 41.60.100.255,
197.221.244.0 197.221.249.255,
197.155.228.0 197.155.228.255,
41.60.86.0 41.60.99.255,
197.221.240.0 197.221.240.255,
154.119.88.0 154.119.88.255,
196.27.103.0 196.27.107.255,
77.246.54.0 77.246.54.255,
197.155.227.0 197.155.227.255,
217.74.224.0 217.74.224.255,
209.88.88.0 209.88.95.255,
57.85.80.0 57.85.95.255,
41.85.192.0 41.85.223.255,
41.78.76.0 41.78.79.255,
41.60.74.0 41.60.75.255,
41.57.64.0 41.57.79.255,
41.60.113.0 41.60.116.255,
41.190.36.0 41.190.61.255,
41.60.41.0 41.60.42.255,
196.4.80.0 196.4.80.255,
196.27.126.0 196.27.127.255,
41.220.22.0 41.220.22.255,
41.60.110.0 41.60.110.255,
217.194.132.0 217.194.132.255,
196.43.98.0 196.43.98.255,
196.43.108.0 196.43.109.255,
196.27.113.0 196.27.122.255,
41.220.24.0 41.220.24.255,
41.221.145.0 41.221.147.255,
41.60.38.0 41.60.39.255,
41.79.58.0 41.79.58.255,
197.155.233.0 197.155.237.255,
154.119.87.0 154.119.87.255,
41.60.64.0 41.60.65.255,
41.79.59.0 41.79.59.255,
154.119.80.0 154.119.85.255,
196.27.98.0 196.27.100.255,
196.41.88.0 196.41.88.255,
197.221.232.0 197.221.232.255,
196.27.112.0 196.27.112.255,
196.27.123.0 196.27.124.255,
168.253.56.0 168.253.63.255,
154.119.86.0 154.119.86.255,
197.221.254.0 197.221.255.255,
154.119.89.0 154.119.89.255,
196.29.38.0 196.29.38.255,
197.211.255.0 197.211.255.255,
197.221.226.0 197.221.226.255,
196.60.44.0 196.60.44.255,
196.43.110.0 196.43.123.255,
41.60.112.0 41.60.112.255,
196.2.66.0 196.2.66.255,
41.60.33.0 41.60.33.255,
154.119.91.0 154.119.95.255,
41.79.188.0 41.79.191.255,
217.15.116.0 217.15.123.255,
197.220.194.0 197.220.194.255,
197.213.225.0 197.213.225.255,
197.220.12.0 197.220.13.255,
197.213.117.0 197.213.120.255,
197.212.109.0 197.212.110.255,
197.212.220.0 197.212.220.255,
197.213.146.0 197.213.152.255,
197.212.53.0 197.212.58.255,
196.201.128.0 196.201.128.255,
197.212.62.0 197.212.62.255,
197.220.15.0 197.220.15.255,
197.213.112.0 197.213.115.255,
196.223.2.0 196.223.2.255,
197.212.69.0 197.212.70.255,
197.212.10.0 197.212.11.255,
197.212.115.0 197.212.115.255,
197.212.121.0 197.212.124.255,
197.212.132.0 197.212.132.255,
197.220.14.0 197.220.14.255,
197.212.203.0 197.212.203.255,
197.220.18.0 197.220.19.255,
197.212.30.0 197.212.30.255,
197.212.156.0 197.212.156.255,
197.213.248.0 197.213.248.255,
197.220.16.0 197.220.16.255,
197.213.145.0 197.213.145.255,
197.212.157.0 197.212.173.255,
197.213.158.0 197.213.158.255,
197.212.74.0 197.212.74.255,
197.212.23.0 197.212.24.255,
197.212.0.0 197.212.4.255,
197.213.153.0 197.213.153.255,
197.212.20.0 197.212.21.255,
197.213.176.0 197.213.188.255,
197.212.6.0 197.212.8.255,
197.220.195.0 197.220.195.255,
197.213.21.0 197.213.84.255,
197.212.79.0 197.212.79.255,
197.212.133.0 197.212.150.255,
197.212.246.0 197.212.246.255,
197.213.116.0 197.213.116.255,
197.213.159.0 197.213.174.255,
197.220.192.0 197.220.192.255,
197.212.71.0 197.212.71.255,
197.212.45.0 197.212.45.255,
197.212.105.0 197.212.105.255,
197.212.180.0 197.212.180.255,
197.213.11.0 197.213.11.255,
197.220.2.0 197.220.8.255,
197.220.199.0 197.220.199.255,
197.212.25.0 197.212.25.255,
197.212.77.0 197.212.78.255,
197.212.106.0 197.212.107.255,
197.212.217.0 197.212.217.255,
197.213.85.0 197.213.85.255,
197.213.154.0 197.213.157.255,
197.220.196.0 197.220.196.255,
197.212.111.0 197.212.114.255,
197.231.247.0 197.231.247.255,
197.231.244.0 197.231.244.255,
197.212.43.0 197.212.44.255,
197.212.75.0 197.212.75.255,
197.212.211.0 197.212.212.255,
197.213.4.0 197.213.4.255,
197.213.108.0 197.213.110.255,
197.213.175.0 197.213.175.255,
197.220.1.0 197.220.1.255,
197.220.17.0 197.220.17.255,
197.220.198.0 197.220.198.255,
155.0.36.0 155.0.255.255,
197.212.60.0 197.212.60.255,
197.212.90.0 197.212.90.255,
155.0.18.0 155.0.19.255,
155.0.33.0 155.0.33.255,
197.212.204.0 197.212.209.255,
197.212.230.0 197.212.230.255,
197.212.198.0 197.212.198.255,
155.0.35.0 155.0.35.255,
197.213.226.0 197.213.247.255,
197.213.6.0 197.213.7.255,
197.212.177.0 197.212.177.255,
154.16.205.0 154.16.205.255,
197.220.201.0 197.220.216.255,
197.220.28.0 197.220.31.255,
102.150.68.0 102.150.85.255,
102.149.103.0 102.149.104.255,
197.231.246.0 197.231.246.255,
197.212.221.0 197.212.224.255,
197.212.214.0 197.212.216.255,
154.120.207.0 154.120.207.255,
102.148.163.0 102.148.163.255,
102.148.50.0 102.148.50.255,
102.148.165.0 102.148.165.255,
102.147.141.0 102.147.143.255,
102.147.17.0 102.147.18.255,
102.147.155.0 102.147.166.255,
102.148.185.0 102.148.185.255,
102.146.146.0 102.146.146.255,
102.145.218.0 102.145.218.255,
102.146.160.0 102.146.160.255,
102.145.37.0 102.145.40.255,
102.144.180.0 102.144.180.255,
102.145.47.0 102.145.48.255,
102.146.161.0 102.146.161.255,
102.149.29.0 102.149.65.255,
102.144.38.0 102.144.38.255,
102.150.87.0 102.151.255.255,
102.148.196.0 102.148.196.255,
102.149.0.0 102.149.16.255,
102.148.148.0 102.148.148.255,
102.149.20.0 102.149.27.255,
197.212.32.0 197.212.32.255,
102.148.12.0 102.148.12.255,
102.147.130.0 102.147.139.255,
102.148.33.0 102.148.33.255,
102.146.227.0 102.146.245.255,
102.145.208.0 102.145.208.255,
102.145.156.0 102.145.157.255,
102.145.226.0 102.145.227.255,
102.146.58.0 102.146.58.255,
102.147.3.0 102.147.3.255,
102.148.47.0 102.148.47.255,
197.212.76.0 197.212.76.255,
102.145.42.0 102.145.45.255,
102.144.166.0 102.144.179.255,
102.145.50.0 102.145.59.255,
102.145.80.0 102.145.80.255,
102.149.69.0 102.149.80.255,
102.149.101.0 102.149.102.255,
102.150.67.0 102.150.67.255,
102.148.252.0 102.148.252.255,
102.148.103.0 102.148.103.255,
102.149.17.0 102.149.17.255,
102.148.13.0 102.148.15.255,
102.147.19.0 102.147.19.255,
102.147.92.0 102.147.125.255,
102.148.34.0 102.148.35.255,
102.149.28.0 102.149.28.255,
102.146.178.0 102.146.178.255,
102.146.13.0 102.146.13.255,
102.146.184.0 102.146.184.255,
102.145.60.0 102.145.60.255,
102.144.232.0 102.144.232.255,
102.145.79.0 102.145.79.255,
102.146.223.0 102.146.223.255,
102.144.27.0 102.144.27.255,
102.146.246.0 102.146.246.255,
102.145.100.0 102.145.100.255,
102.149.82.0 102.149.83.255,
102.148.113.0 102.148.113.255,
102.148.138.0 102.148.138.255,
102.148.197.0 102.148.219.255,
102.149.95.0 102.149.99.255,
196.46.18.0 196.46.19.255,
102.148.37.0 102.148.46.255,
102.147.53.0 102.147.60.255,
102.147.144.0 102.147.144.255,
102.148.51.0 102.148.62.255,
102.146.181.0 102.146.181.255,
102.146.118.0 102.146.135.255,
102.146.204.0 102.146.204.255,
102.146.26.0 102.146.26.255,
102.147.128.0 102.147.128.255,
102.147.228.0 102.147.233.255,
102.148.17.0 102.148.32.255,
102.148.131.0 102.148.131.255,
102.148.186.0 102.148.195.255,
102.148.255.0 102.148.255.255,
102.149.68.0 102.149.68.255,
102.150.5.0 102.150.5.255,
102.144.46.0 102.144.51.255,
102.145.137.0 102.145.137.255,
102.144.7.0 102.144.7.255,
102.144.128.0 102.144.139.255,
102.144.186.0 102.144.201.255,
102.145.8.0 102.145.13.255,
102.145.46.0 102.145.46.255,
102.145.167.0 102.145.207.255,
102.146.4.0 102.146.12.255,
102.146.59.0 102.146.101.255,
102.146.153.0 102.146.159.255,
102.147.0.0 102.147.0.255,
102.147.81.0 102.147.84.255,
102.147.199.0 102.147.199.255,
102.148.1.0 102.148.7.255,
102.148.67.0 102.148.67.255,
102.148.90.0 102.148.90.255,
102.148.149.0 102.148.162.255,
102.148.240.0 102.148.240.255,
102.149.85.0 102.149.93.255,
102.149.229.0 102.149.229.255,
102.144.31.0 102.144.36.255,
102.145.76.0 102.145.78.255,
102.144.94.0 102.144.95.255,
102.144.156.0 102.144.164.255,
102.144.241.0 102.144.245.255,
102.145.27.0 102.145.27.255,
102.145.166.0 102.145.166.255,
102.146.48.0 102.146.48.255,
102.146.151.0 102.146.152.255,
102.146.205.0 102.146.222.255,
102.147.61.0 102.147.61.255,
102.147.129.0 102.147.129.255,
102.147.204.0 102.147.209.255,
102.148.0.0 102.148.0.255,
102.148.88.0 102.148.89.255,
102.148.132.0 102.148.135.255,
102.148.220.0 102.148.220.255,
102.148.248.0 102.148.251.255,
102.149.100.0 102.149.100.255,
102.150.6.0 102.150.66.255,
102.144.28.0 102.144.29.255,
102.177.117.0 102.177.117.255,
102.144.59.0 102.144.59.255,
102.144.153.0 102.144.154.255,
102.144.247.0 102.144.252.255,
102.145.28.0 102.145.35.255,
102.145.102.0 102.145.120.255,
102.145.159.0 102.145.165.255,
102.146.33.0 102.146.46.255,
102.146.117.0 102.146.117.255,
102.146.185.0 102.146.203.255,
102.147.7.0 102.147.7.255,
102.147.52.0 102.147.52.255,
102.147.126.0 102.147.127.255,
102.147.254.0 102.147.254.255,
102.148.36.0 102.148.36.255,
102.148.91.0 102.148.95.255,
102.148.137.0 102.148.137.255,
102.148.253.0 102.148.254.255,
102.149.94.0 102.149.94.255,
102.149.117.0 102.149.165.255,
165.56.53.0 165.56.53.255,
197.220.193.0 197.220.193.255,
102.146.47.0 102.146.47.255,
197.212.26.0 197.212.28.255,
165.56.52.0 165.56.52.255,
164.160.12.0 164.160.12.255,
197.213.122.0 197.213.144.255,
154.73.232.0 154.73.235.255,
155.0.24.0 155.0.24.255,
102.146.226.0 102.146.226.255,
197.213.0.0 197.213.0.255,
155.0.34.0 155.0.34.255,
197.212.225.0 197.212.226.255,
102.148.73.0 102.148.82.255,
102.145.49.0 102.145.49.255,
102.145.15.0 102.145.16.255,
102.145.75.0 102.145.75.255,
197.212.64.0 197.212.66.255,
197.212.5.0 197.212.5.255,
155.0.25.0 155.0.32.255,
155.0.0.0 155.0.17.255,
102.144.202.0 102.144.202.255,
197.213.111.0 197.213.111.255,
197.212.248.0 197.212.255.255,
197.212.234.0 197.212.244.255,
197.212.118.0 197.212.118.255,
102.144.113.0 102.144.126.255,
197.212.13.0 197.212.15.255,
197.212.153.0 197.212.155.255,
197.212.50.0 197.212.52.255,
197.212.73.0 197.212.73.255,
197.212.100.0 197.212.100.255,
197.212.125.0 197.212.125.255,
197.212.210.0 197.212.210.255,
197.212.231.0 197.212.232.255,
197.213.13.0 197.213.13.255,
197.213.107.0 197.213.107.255,
197.213.190.0 197.213.214.255,
197.220.10.0 197.220.11.255,
197.220.25.0 197.220.25.255,
197.220.197.0 197.220.197.255,
197.212.59.0 197.212.59.255,
197.212.63.0 197.212.63.255,
197.212.17.0 197.212.17.255,
197.212.34.0 197.212.37.255,
197.212.83.0 197.212.83.255,
197.212.92.0 197.212.97.255,
197.212.120.0 197.212.120.255,
197.212.175.0 197.212.176.255,
197.212.229.0 197.212.229.255,
197.213.5.0 197.213.5.255,
197.213.121.0 197.213.121.255,
197.213.216.0 197.213.224.255,
197.220.27.0 197.220.27.255,
197.220.218.0 197.220.255.255,
197.212.18.0 197.212.19.255,
197.212.12.0 197.212.12.255,
197.212.46.0 197.212.48.255,
197.212.72.0 197.212.72.255,
197.212.84.0 197.212.89.255,
197.212.98.0 197.212.99.255,
197.212.181.0 197.212.181.255,
197.212.213.0 197.212.213.255,
197.212.245.0 197.212.245.255,
197.213.12.0 197.213.12.255,
5.11.12.0 5.11.12.255,
197.220.9.0 197.220.9.255,
197.220.20.0 197.220.24.255,
197.220.200.0 197.220.200.255,
102.144.210.0 102.144.210.255,
102.145.82.0 102.145.99.255,
102.144.9.0 102.144.9.255,
102.144.30.0 102.144.30.255,
197.212.61.0 197.212.61.255,
102.148.87.0 102.148.87.255,
197.212.22.0 197.212.22.255,
197.212.42.0 197.212.42.255,
197.212.80.0 197.212.82.255,
197.212.101.0 197.212.104.255,
197.212.151.0 197.212.152.255,
197.212.199.0 197.212.202.255,
197.212.233.0 197.212.233.255,
197.212.247.0 197.212.247.255,
197.213.9.0 197.213.10.255,
197.213.20.0 197.213.20.255,
196.12.12.0 196.12.15.255,
197.213.215.0 197.213.215.255,
102.144.39.0 102.144.39.255,
197.213.249.0 197.213.255.255,
197.212.49.0 197.212.49.255,
197.220.26.0 197.220.26.255,
197.212.39.0 197.212.41.255,
197.220.217.0 197.220.217.255,
197.212.116.0 197.212.117.255,
80.88.3.0 80.88.3.255,
197.212.108.0 197.212.108.255,
77.246.62.0 77.246.63.255,
81.199.112.0 81.199.112.255,
197.212.29.0 197.212.29.255,
197.212.16.0 197.212.16.255,
197.212.227.0 197.212.227.255,
196.46.124.0 196.46.127.255,
197.212.33.0 197.212.33.255,
197.212.9.0 197.212.9.255,
197.212.218.0 197.212.219.255,
197.212.119.0 197.212.119.255,
197.212.179.0 197.212.179.255,
197.212.91.0 197.212.91.255,
102.145.122.0 102.145.136.255,
196.201.144.0 196.201.145.255,
209.58.87.0 209.58.87.255,
197.231.245.0 197.231.245.255,
64.86.210.0 64.86.211.255,
102.148.96.0 102.148.96.255,
196.43.193.0 196.43.193.255,
81.199.193.0 81.199.193.255,
197.213.8.0 197.213.8.255,
197.213.1.0 197.213.3.255,
197.212.67.0 197.212.68.255,
45.215.250.0 45.215.250.255,
45.215.234.0 45.215.234.255,
62.56.216.0 62.56.217.255,
45.214.197.0 45.214.218.255,
45.213.141.0 45.213.144.255,
45.214.122.0 45.214.122.255,
45.215.14.0 45.215.23.255,
45.212.198.0 45.212.198.255,
45.212.115.0 45.212.115.255,
45.212.222.0 45.212.222.255,
41.222.23.0 41.222.23.255,
41.198.80.0 41.198.95.255,
45.213.105.0 45.213.105.255,
205.252.108.0 205.252.108.255,
41.215.185.0 41.215.185.255,
41.63.63.0 41.63.63.255,
41.215.176.0 41.215.178.255,
41.63.5.0 41.63.5.255,
41.60.136.0 41.60.207.255,
41.63.17.0 41.63.17.255,
41.191.116.0 41.191.119.255,
41.78.112.0 41.78.115.255,
41.77.144.0 41.77.150.255,
41.72.126.0 41.72.127.255,
41.60.17.0 41.60.31.255,
41.218.80.0 41.218.80.255,
41.72.102.0 41.72.102.255,
41.175.0.0 41.175.18.255,
41.72.107.0 41.72.107.255,
41.60.240.0 41.60.248.255,
41.63.4.0 41.63.4.255,
41.72.114.0 41.72.114.255,
41.60.16.0 41.60.16.255,
41.72.125.0 41.72.125.255,
41.72.113.0 41.72.113.255,
45.215.236.0 45.215.242.255,
41.72.96.0 41.72.96.255,
41.72.120.0 41.72.120.255,
41.72.117.0 41.72.119.255,
45.214.220.0 45.215.12.255,
45.214.124.0 45.214.171.255,
45.215.25.0 45.215.57.255,
45.213.57.0 45.213.57.255,
45.212.214.0 45.212.214.255,
45.213.107.0 45.213.107.255,
45.212.172.0 45.212.172.255,
45.212.125.0 45.212.125.255,
45.212.176.0 45.212.176.255,
45.213.108.0 45.213.139.255,
45.215.66.0 45.215.67.255,
45.213.146.0 45.213.173.255,
45.214.69.0 45.214.114.255,
45.214.175.0 45.214.180.255,
45.214.190.0 45.214.195.255,
41.222.20.0 41.222.20.255,
41.175.29.0 41.175.29.255,
41.72.101.0 41.72.101.255,
41.72.106.0 41.72.106.255,
41.222.21.0 41.222.21.255,
45.212.2.0 45.212.2.255,
41.215.189.0 41.215.189.255,
41.215.187.0 41.215.187.255,
41.223.116.0 41.223.118.255,
45.215.244.0 45.215.249.255,
41.215.180.0 41.215.183.255,
41.218.84.0 41.218.84.255,
41.63.16.0 41.63.16.255,
41.63.20.0 41.63.62.255,
41.175.30.0 41.175.31.255,
41.72.97.0 41.72.97.255,
45.212.48.0 45.212.48.255,
45.215.228.0 45.215.232.255,
41.72.121.0 41.72.122.255,
197.213.86.0 197.213.106.255,
45.214.181.0 45.214.181.255,
45.214.172.0 45.214.172.255,
45.214.196.0 45.214.196.255,
45.213.174.0 45.213.174.255,
45.213.140.0 45.213.140.255,
41.60.213.0 41.60.213.255,
41.60.218.0 41.60.221.255,
41.63.0.0 41.63.1.255,
45.214.115.0 45.214.115.255,
45.215.13.0 45.215.13.255,
45.212.177.0 45.212.197.255,
41.215.191.0 41.215.191.255,
45.212.173.0 45.212.173.255,
45.212.215.0 45.212.221.255,
45.212.72.0 45.212.114.255,
45.212.67.0 45.212.67.255,
45.212.15.0 45.212.15.255,
45.212.68.0 45.212.70.255,
45.212.134.0 45.212.134.255,
45.212.174.0 45.212.174.255,
45.212.126.0 45.212.133.255,
45.213.175.0 45.214.67.255,
45.214.173.0 45.214.173.255,
45.214.182.0 45.214.188.255,
45.215.59.0 45.215.64.255,
45.215.69.0 45.215.226.255,
45.213.58.0 45.213.104.255,
57.85.64.0 57.85.79.255,
45.215.58.0 45.215.58.255,
41.222.22.0 41.222.22.255,
45.212.3.0 45.212.14.255,
41.215.190.0 41.215.190.255,
41.215.184.0 41.215.184.255,
41.223.119.0 41.223.119.255,
41.215.188.0 41.215.188.255,
45.212.49.0 45.212.66.255,
45.215.68.0 45.215.68.255,
45.215.24.0 45.215.24.255,
45.214.219.0 45.214.219.255,
45.215.65.0 45.215.65.255,
45.214.174.0 45.214.174.255,
197.212.228.0 197.212.228.255,
197.212.174.0 197.212.174.255,
197.212.126.0 197.212.126.255,
45.214.123.0 45.214.123.255,
45.214.189.0 45.214.189.255,
45.215.227.0 45.215.227.255,
196.46.192.0 196.46.223.255,
45.213.145.0 45.213.145.255,
45.213.106.0 45.213.106.255,
45.214.68.0 45.214.68.255,
196.13.104.0 196.13.104.255,
45.212.199.0 45.212.213.255,
45.212.175.0 45.212.175.255,
45.212.223.0 45.213.56.255,
45.214.116.0 45.214.121.255,
45.215.235.0 45.215.235.255,
45.212.16.0 45.212.47.255,
197.212.182.0 197.212.197.255,
197.212.178.0 197.212.178.255,
45.212.0.0 45.212.1.255,
45.212.71.0 45.212.71.255,
102.145.121.0 102.145.121.255,
95.210.140.0 95.210.141.255,
102.144.181.0 102.144.184.255,
102.68.136.0 102.68.139.255,
102.147.1.0 102.147.2.255,
102.147.8.0 102.147.15.255,
102.144.53.0 102.144.56.255,
102.144.60.0 102.144.93.255,
102.144.141.0 102.144.150.255,
102.144.155.0 102.144.155.255,
102.144.240.0 102.144.240.255,
102.144.253.0 102.144.253.255,
102.145.20.0 102.145.26.255,
102.145.41.0 102.145.41.255,
102.145.140.0 102.145.141.255,
102.145.155.0 102.145.155.255,
102.145.219.0 102.145.225.255,
102.145.242.0 102.146.2.255,
102.146.54.0 102.146.57.255,
102.146.103.0 102.146.109.255,
102.146.147.0 102.146.150.255,
102.146.162.0 102.146.171.255,
102.147.32.0 102.147.32.255,
102.147.43.0 102.147.51.255,
102.147.77.0 102.147.79.255,
102.147.86.0 102.147.90.255,
102.147.167.0 102.147.168.255,
102.147.203.0 102.147.203.255,
102.147.255.0 102.147.255.255,
102.148.9.0 102.148.11.255,
41.222.16.0 41.222.19.255,
45.212.116.0 45.212.124.255,
102.148.139.0 102.148.147.255,
102.148.164.0 102.148.164.255,
102.148.230.0 102.148.236.255,
102.148.247.0 102.148.247.255,
102.149.19.0 102.149.19.255,
102.149.66.0 102.149.66.255,
102.149.109.0 102.149.109.255,
102.149.166.0 102.149.166.255,
102.150.86.0 102.150.86.255,
102.144.37.0 102.144.37.255,
45.215.251.0 45.215.255.255,
102.130.100.0 102.130.100.255,
102.140.120.0 102.140.127.255,
102.145.153.0 102.145.153.255,
102.144.58.0 102.144.58.255,
102.144.96.0 102.144.111.255,
102.144.152.0 102.144.152.255,
102.144.165.0 102.144.165.255,
102.144.246.0 102.144.246.255,
102.145.7.0 102.145.7.255,
102.145.18.0 102.145.18.255,
102.145.36.0 102.145.36.255,
102.145.101.0 102.145.101.255,
102.145.158.0 102.145.158.255,
102.145.209.0 102.145.217.255,
102.145.228.0 102.145.240.255,
102.146.32.0 102.146.32.255,
102.146.49.0 102.146.52.255,
102.146.111.0 102.146.116.255,
102.146.137.0 102.146.145.255,
41.218.81.0 41.218.83.255,
102.147.4.0 102.147.6.255,
102.147.42.0 102.147.42.255,
102.147.62.0 102.147.75.255,
102.147.140.0 102.147.140.255,
102.147.154.0 102.147.154.255,
102.147.211.0 102.147.226.255,
102.147.235.0 102.147.253.255,
102.148.48.0 102.148.49.255,
102.148.63.0 102.148.64.255,
102.148.68.0 102.148.71.255,
102.148.84.0 102.148.85.255,
102.148.128.0 102.148.128.255,
102.148.136.0 102.148.136.255,
102.148.180.0 102.148.184.255,
102.148.221.0 102.148.228.255,
45.212.135.0 45.212.171.255,
45.215.233.0 45.215.233.255,
102.149.105.0 102.149.108.255,
102.149.116.0 102.149.116.255,
196.41.74.0 196.41.74.255,
102.144.10.0 102.144.26.255,
207.176.80.0 207.176.80.255,
102.144.0.0 102.144.6.255,
102.144.45.0 102.144.45.255,
102.144.57.0 102.144.57.255,
102.144.127.0 102.144.127.255,
102.144.151.0 102.144.151.255,
102.144.185.0 102.144.185.255,
102.144.211.0 102.144.231.255,
102.144.254.0 102.145.6.255,
102.145.17.0 102.145.17.255,
41.63.2.0 41.63.2.255,
41.60.250.0 41.60.255.255,
102.146.3.0 102.146.3.255,
102.146.27.0 102.146.31.255,
102.146.110.0 102.146.110.255,
102.146.136.0 102.146.136.255,
102.146.173.0 102.146.177.255,
102.146.182.0 102.146.183.255,
102.147.16.0 102.147.16.255,
102.147.33.0 102.147.41.255,
102.147.80.0 102.147.80.255,
102.147.91.0 102.147.91.255,
102.147.145.0 102.147.153.255,
102.147.169.0 102.147.198.255,
102.147.210.0 102.147.210.255,
102.147.234.0 102.147.234.255,
102.148.65.0 102.148.66.255,
102.148.83.0 102.148.83.255,
102.148.97.0 102.148.102.255,
102.148.114.0 102.148.127.255,
102.148.166.0 102.148.178.255,
102.148.179.0 102.148.179.255,
102.148.237.0 102.148.237.255,
102.148.238.0 102.148.239.255,
102.149.67.0 102.149.67.255,
102.149.84.0 102.149.84.255,
102.149.110.0 102.149.115.255,
102.149.167.0 102.149.228.255,
41.63.6.0 41.63.14.255,
102.144.8.0 102.144.8.255,
41.60.222.0 41.60.222.255,
41.63.18.0 41.63.18.255,
102.144.40.0 102.144.44.255,
102.144.52.0 102.144.52.255,
102.144.112.0 102.144.112.255,
102.144.140.0 102.144.140.255,
102.144.203.0 102.144.209.255,
102.144.233.0 102.144.239.255,
102.145.14.0 102.145.14.255,
102.145.19.0 102.145.19.255,
102.145.61.0 102.145.74.255,
102.145.81.0 102.145.81.255,
102.145.138.0 102.145.139.255,
102.145.154.0 102.145.154.255,
102.145.241.0 102.145.241.255,
102.146.14.0 102.146.25.255,
102.146.53.0 102.146.53.255,
102.146.102.0 102.146.102.255,
102.146.172.0 102.146.172.255,
102.146.179.0 102.146.180.255,
102.146.224.0 102.146.225.255,
102.146.247.0 102.146.255.255,
41.215.179.0 41.215.179.255,
102.147.20.0 102.147.31.255,
102.147.76.0 102.147.76.255,
102.147.85.0 102.147.85.255,
102.147.200.0 102.147.202.255,
102.147.227.0 102.147.227.255,
102.148.8.0 102.148.8.255,
102.148.16.0 102.148.16.255,
102.148.72.0 102.148.72.255,
102.148.86.0 102.148.86.255,
102.148.104.0 102.148.112.255,
102.148.129.0 102.148.130.255,
102.148.229.0 102.148.229.255,
102.148.241.0 102.148.246.255,
102.149.18.0 102.149.18.255,
102.149.81.0 102.149.81.255,
41.77.151.0 41.77.151.255,
102.149.230.0 102.150.4.255,
41.77.0.0 41.77.7.255,
41.72.115.0 41.72.115.255,
41.72.108.0 41.72.111.255,
41.72.123.0 41.72.123.255,
41.175.19.0 41.175.19.255,
41.63.19.0 41.63.19.255,
41.72.98.0 41.72.99.255,
41.63.3.0 41.63.3.255,
41.60.223.0 41.60.231.255,
41.63.15.0 41.63.15.255,
41.72.103.0 41.72.104.255,
164.160.13.0 164.160.15.255,
41.215.186.0 41.215.186.255,
197.213.189.0 197.213.189.255,
41.72.116.0 41.72.116.255,
41.72.112.0 41.72.112.255,
154.120.206.0 154.120.206.255,
154.120.216.0 154.120.223.255,
41.72.124.0 41.72.124.255,
41.60.0.0 41.60.15.255,
165.56.0.0 165.56.51.255,
165.56.54.0 165.63.255.255,
41.175.20.0 41.175.28.255,
155.0.20.0 155.0.23.255,
41.72.100.0 41.72.100.255,
41.72.105.0 41.72.105.255,
41.60.128.0 41.60.133.255,
209.203.56.0 209.203.57.255,
45.215.243.0 45.215.243.255,
41.216.64.0 41.216.95.255,
102.145.142.0 102.145.152.255,
5.11.14.0 5.11.14.255,
207.176.84.0 207.176.84.255,
213.193.32.0 213.193.33.255,
197.220.0.0 197.220.0.255,
197.213.14.0 197.213.19.255,
197.212.38.0 197.212.38.255,
197.212.31.0 197.212.31.255,
197.212.127.0 197.212.131.255,
188.209.224.0 188.209.255.255,
188.240.96.0 188.240.127.255,
185.80.143.0 185.80.143.255,
185.11.8.0 185.11.11.255,
185.80.44.0 185.80.47.255,
185.240.64.0 185.240.67.255,
185.71.132.0 185.71.135.255,
185.80.141.0 185.80.142.255,
185.112.200.0 185.112.203.255,
134.35.0.0 134.35.255.255,
131.117.160.0 131.117.167.255,
109.74.32.0 109.74.47.255,
109.200.160.0 109.200.191.255,
195.94.26.0 195.94.26.255,
185.80.140.0 185.80.140.255,
195.94.30.0 195.94.31.255,
94.26.192.0 94.26.223.255,
89.189.64.0 89.189.95.255,
195.94.18.0 195.94.25.255,
82.114.160.0 82.114.191.255,
78.137.64.0 78.137.95.255,
195.94.28.0 195.94.29.255,
81.91.24.0 81.91.31.255,
195.94.16.0 195.94.17.255,
195.94.0.0 195.94.15.255,
195.94.27.0 195.94.27.255,
198.69.12.0 198.69.13.255,
65.162.184.0 65.162.185.255,
63.171.18.0 63.171.19.255,
63.168.168.0 63.168.168.255,
63.173.173.0 63.173.173.255,
213.246.0.0 213.246.31.255,
57.89.16.0 57.89.31.255,
46.35.64.0 46.35.95.255,
63.168.169.0 63.168.169.255,
63.173.172.0 63.173.172.255,
31.31.176.0 31.31.191.255,
5.100.160.0 5.100.167.255,
5.255.0.0 5.255.31.255,
205.160.110.0 205.160.111.255,
117.20.36.0 117.20.36.255,
117.20.32.0 117.20.35.255,
117.20.37.0 117.20.39.255,
103.235.111.0 103.235.111.255,
103.235.110.0 103.235.110.255,
27.125.192.0 27.125.195.255,
8.26.18.0 8.26.18.255,
198.36.30.0 198.36.31.255,
198.36.28.0 198.36.29.255,
192.224.43.0 192.224.43.255,
192.81.72.0 192.81.72.255,
192.81.73.0 192.81.73.255,
192.65.170.0 192.65.170.255,
208.50.124.0 208.50.124.255,
208.84.195.0 208.84.195.255,
208.30.96.0 208.30.96.255,
172.84.243.0 172.84.252.255,
172.84.216.0 172.84.216.255,
172.84.203.0 172.84.203.255,
172.84.225.0 172.84.229.255,
172.102.224.0 172.102.224.255,
172.102.225.0 172.102.225.255,
172.84.235.0 172.84.235.255,
208.30.126.0 208.30.126.255,
208.30.101.0 208.30.101.255,
172.84.254.0 172.84.255.255,
172.84.237.0 172.84.240.255,
172.84.207.0 172.84.207.255,
172.84.192.0 172.84.201.255,
172.84.221.0 172.84.221.255,
172.84.236.0 172.84.236.255,
172.84.231.0 172.84.231.255,
172.84.253.0 172.84.253.255,
172.84.232.0 172.84.232.255,
172.84.204.0 172.84.206.255,
172.102.226.0 172.102.227.255,
172.84.217.0 172.84.220.255,
172.84.224.0 172.84.224.255,
172.84.230.0 172.84.230.255,
208.30.106.0 208.30.106.255,
172.84.202.0 172.84.202.255,
172.84.208.0 172.84.215.255,
162.253.168.0 162.253.168.255,
142.147.102.0 142.147.103.255,
172.84.222.0 172.84.223.255,
162.253.171.0 162.253.171.255,
172.84.233.0 172.84.234.255,
162.253.170.0 162.253.170.255,
208.30.104.0 208.30.104.255,
208.30.105.0 208.30.105.255,
208.30.109.0 208.30.110.255,
162.253.169.0 162.253.169.255,
162.247.24.0 162.247.31.255,
144.202.220.0 144.202.221.255,
146.226.0.0 146.226.255.255,
208.84.194.0 208.84.194.255,
104.192.184.0 104.192.187.255,
172.84.241.0 172.84.242.255,
208.30.100.0 208.30.100.255,
208.30.115.0 208.30.115.255,
208.30.111.0 208.30.111.255,
208.30.116.0 208.30.118.255,
208.30.127.0 208.30.127.255,
104.192.189.0 104.192.191.255,
104.192.188.0 104.192.188.255,
98.242.236.0 98.242.236.255,
74.115.88.0 74.115.91.255,
67.211.249.0 67.211.255.255,
67.211.248.0 67.211.248.255,
67.211.240.0 67.211.247.255,
66.248.189.0 66.248.189.255,
74.115.92.0 74.115.95.255,
66.248.160.0 66.248.163.255,
66.185.41.0 66.185.41.255,
66.248.180.0 66.248.180.255,
66.248.191.0 66.248.191.255,
66.248.186.0 66.248.186.255,
66.185.36.0 66.185.40.255,
66.248.184.0 66.248.184.255,
66.185.42.0 66.185.47.255,
66.248.188.0 66.248.188.255,
66.248.166.0 66.248.177.255,
66.248.178.0 66.248.179.255,
65.113.111.0 65.113.111.255,
66.248.183.0 66.248.183.255,
91.220.35.0 91.220.35.255,
62.193.160.0 62.193.191.255,
61.252.0.0 61.252.15.255,
23.174.33.0 23.174.63.255,
23.148.129.0 23.148.159.255,
23.179.129.0 23.179.191.255,
23.190.129.0 23.190.191.255,
64.4.160.0 64.4.175.255,
23.132.129.0 23.132.159.255,
23.136.97.0 23.136.127.255,
23.140.225.0 23.140.255.255,
23.156.129.0 23.156.159.255,
23.147.129.0 23.147.159.255,
23.150.225.0 23.150.255.255,
23.155.161.0 23.155.223.255,
64.234.224.0 64.234.239.255,
23.165.97.0 23.165.127.255,
23.171.97.0 23.171.127.255,
64.40.0.0 64.40.15.255,
66.85.64.0 66.85.65.255,
74.113.144.0 74.113.147.255,
72.19.0.0 72.19.31.255,
91.212.159.0 91.212.161.255,
91.212.246.0 91.212.246.255,
91.213.189.0 91.213.189.255,
91.213.126.0 91.213.126.255,
91.206.68.0 91.206.69.255,
91.207.144.0 91.207.145.255,
91.232.103.0 91.232.103.255,
91.240.202.0 91.240.202.255,
91.199.47.0 91.199.47.255,
91.199.179.0 91.199.179.255,
91.209.162.0 91.209.163.255,
91.235.77.0 91.235.77.255,
91.227.253.0 91.227.253.255,
91.194.124.0 91.194.125.255,
91.229.56.0 91.229.56.255,
91.238.1.0 91.238.1.255,
91.213.157.0 91.213.157.255,
91.224.20.0 91.224.21.255,
91.231.186.0 91.231.187.255,
91.240.89.0 91.240.89.255,
91.216.73.0 91.216.73.255,
91.224.228.0 91.224.229.255,
91.199.168.0 91.199.168.255,
91.199.27.0 91.199.27.255,
91.241.93.0 91.241.93.255,
91.217.200.0 91.217.200.255,
91.212.11.0 91.212.11.255,
91.212.65.0 91.212.65.255,
91.212.135.0 91.212.135.255,
91.213.35.0 91.213.35.255,
91.195.102.0 91.195.103.255,
91.195.254.0 91.195.255.255,
91.239.24.0 91.239.24.255,
91.198.41.0 91.198.41.255,
91.198.141.0 91.198.141.255,
91.216.122.0 91.216.122.255,
91.209.14.0 91.209.14.255,
91.209.58.0 91.209.58.255,
91.209.227.0 91.209.227.255,
91.226.184.0 91.226.184.255,
91.236.213.0 91.236.213.255,
91.229.5.0 91.229.5.255,
91.220.223.0 91.220.223.255,
91.238.112.0 91.238.112.255,
91.230.143.0 91.230.143.255,
91.239.148.0 91.239.149.255,
91.208.19.0 91.208.19.255,
91.240.163.0 91.240.163.255,
91.198.167.0 91.198.167.255,
91.199.137.0 91.199.137.255,
91.198.218.0 91.198.218.255,
91.208.197.0 91.208.197.255,
91.199.18.0 91.199.18.255,
23.190.1.0 23.190.63.255,
23.163.129.0 23.163.159.255,
36.255.80.0 36.255.83.255,
43.226.224.0 43.226.227.255,
23.184.129.0 23.184.191.255,
23.182.193.0 23.182.255.255,
23.186.1.0 23.186.63.255,
23.187.129.0 23.187.191.255,
23.138.1.0 23.138.31.255,
91.199.184.0 91.199.185.255,
23.128.193.0 23.128.223.255,
23.128.130.0 23.128.159.255,
23.130.130.0 23.130.159.255,
23.134.161.0 23.134.191.255,
23.136.1.0 23.136.31.255,
23.136.225.0 23.136.255.255,
23.140.97.0 23.140.127.255,
23.140.33.0 23.140.63.255,
23.163.97.0 23.163.127.255,
43.227.12.0 43.227.15.255,
43.248.56.0 43.248.59.255,
45.171.36.0 45.171.47.255,
45.171.56.0 45.171.59.255,
45.65.56.0 45.65.57.255,
23.149.193.0 23.149.223.255,
23.151.194.0 23.151.223.255,
23.154.33.0 23.154.63.255,
23.155.1.0 23.155.31.255,
23.161.161.0 23.161.191.255,
23.157.129.0 23.157.159.255,
23.159.33.0 23.159.63.255,
23.160.1.0 23.160.31.255,
23.164.65.0 23.164.95.255,
23.166.1.0 23.166.31.255,
23.167.65.0 23.167.95.255,
23.168.33.0 23.168.63.255,
23.171.193.0 23.171.223.255,
23.178.129.0 23.178.191.255,
23.176.129.0 23.176.191.255,
23.176.1.0 23.176.63.255,
23.157.161.0 23.157.191.255,
45.170.110.0 45.170.111.255,
45.113.228.0 45.113.231.255,
45.116.20.0 45.116.23.255,
23.182.130.0 23.182.191.255,
23.185.65.0 23.185.127.255,
23.187.65.0 23.187.127.255,
23.191.130.0 23.191.191.255,
23.138.161.0 23.138.191.255,
45.171.76.0 45.171.77.255,
23.128.161.0 23.128.191.255,
23.129.97.0 23.129.127.255,
23.132.194.0 23.132.223.255,
23.135.1.0 23.135.31.255,
23.136.193.0 23.136.223.255,
23.137.225.0 23.137.255.255,
23.143.1.0 23.143.31.255,
23.142.65.0 23.142.95.255,
23.145.225.0 23.145.255.255,
23.149.65.0 23.149.95.255,
23.156.1.0 23.156.31.255,
23.153.193.0 23.153.223.255,
23.155.33.0 23.155.63.255,
23.156.161.0 23.156.191.255,
23.159.1.0 23.159.31.255,
23.159.225.0 23.159.255.255,
23.161.65.0 23.161.95.255,
23.162.97.0 23.162.127.255,
23.163.225.0 23.163.255.255,
23.164.193.0 23.164.223.255,
23.166.225.0 23.166.255.255,
23.167.161.0 23.167.191.255,
23.174.97.0 23.174.127.255,
23.171.225.0 23.171.255.255,
24.152.0.0 24.152.127.255,
23.176.65.0 23.176.127.255,
23.134.33.0 23.134.63.255,
23.148.33.0 23.148.63.255,
23.179.65.0 23.179.127.255,
23.180.193.0 23.180.255.255,
23.131.161.0 23.131.191.255,
43.231.130.0 43.231.130.255,
23.131.97.0 23.131.127.255,
45.123.140.0 45.123.143.255,
23.132.97.0 23.132.127.255,
23.135.225.0 23.135.255.255,
23.139.97.0 23.139.127.255,
23.140.193.0 23.140.223.255,
23.145.129.0 23.145.159.255,
23.143.97.0 23.143.127.255,
23.145.65.0 23.145.95.255,
23.145.1.0 23.145.31.255,
23.147.225.0 23.147.255.255,
46.149.96.0 46.149.111.255,
91.226.72.0 91.226.72.255,
91.226.221.0 91.226.221.255,
23.162.1.0 23.162.31.255,
23.170.193.0 23.170.223.255,
23.152.97.0 23.152.127.255,
23.153.33.0 23.153.63.255,
64.28.160.0 64.28.175.255,
91.228.160.0 91.228.160.255,
23.160.225.0 23.160.255.255,
61.101.224.0 61.101.243.255,
23.170.129.0 23.170.159.255,
61.101.248.0 61.101.255.255,
61.106.240.0 61.106.255.255,
62.182.96.0 62.182.101.255,
61.97.80.0 61.97.95.255,
61.252.64.0 61.252.75.255,
61.252.80.0 61.252.95.255,
61.251.80.0 61.251.95.255,
23.173.33.0 23.173.95.255,
23.173.225.0 23.173.255.255,
23.176.193.0 23.176.255.255,
27.124.64.0 27.124.79.255,
23.177.129.0 23.177.191.255,
23.179.3.0 23.179.63.255,
23.181.1.0 23.181.63.255,
23.189.65.0 23.189.127.255,
23.141.97.0 23.141.127.255,
64.40.24.0 64.40.31.255,
23.131.129.0 23.131.159.255,
23.132.65.0 23.132.95.255,
23.133.193.0 23.133.223.255,
23.135.97.0 23.135.127.255,
23.139.65.0 23.139.95.255,
23.140.1.0 23.140.31.255,
23.144.97.0 23.144.127.255,
23.147.193.0 23.147.223.255,
23.146.129.0 23.146.159.255,
23.147.65.0 23.147.95.255,
23.149.97.0 23.149.127.255,
23.150.161.0 23.150.191.255,
23.152.65.0 23.152.95.255,
23.153.1.0 23.153.31.255,
23.173.129.0 23.173.159.255,
23.165.161.0 23.165.191.255,
23.162.193.0 23.162.223.255,
23.165.33.0 23.165.63.255,
23.170.33.0 23.170.64.255,
23.169.161.0 23.169.191.255,
23.171.33.0 23.171.63.255,
65.75.192.0 65.75.215.255,
66.118.224.0 66.118.240.255,
66.97.112.0 66.97.127.255,
69.87.160.0 69.87.191.255,
69.5.48.0 69.5.63.255,
66.187.240.0 66.187.255.255,
74.115.124.0 74.115.127.255,
91.209.40.0 91.209.40.255,
74.122.148.0 74.122.151.255,
91.228.231.0 91.228.231.255,
91.229.46.0 91.229.47.255,
91.194.170.0 91.194.171.255,
91.194.214.0 91.194.215.255,
91.213.74.0 91.213.75.255,
91.213.93.0 91.213.94.255,
91.221.106.0 91.221.107.255,
91.230.47.0 91.230.47.255,
91.238.213.0 91.238.213.255,
91.207.108.0 91.207.109.255,
91.198.77.0 91.198.77.255,
91.232.99.0 91.232.99.255,
91.208.46.0 91.208.46.255,
91.232.198.0 91.232.198.255,
91.199.3.0 91.199.3.255,
91.208.206.0 91.208.206.255,
91.208.246.0 91.208.246.255,
91.199.166.0 91.199.166.255,
95.130.0.0 95.130.3.255,
94.198.48.0 94.198.49.255,
91.217.207.0 91.217.207.255,
91.217.253.0 91.217.253.255,
91.227.170.0 91.227.171.255,
91.212.19.0 91.212.20.255,
91.212.107.0 91.212.107.255,
91.212.82.0 91.212.82.255,
91.203.220.0 91.203.220.255,
91.212.193.0 91.212.193.255,
91.212.231.0 91.212.231.255,
91.237.215.0 91.237.215.255,
91.238.83.0 91.238.84.255,
91.206.64.0 91.206.65.255,
91.239.227.0 91.239.227.255,
91.238.203.0 91.238.203.255,
91.207.154.0 91.207.155.255,
91.231.126.0 91.231.126.255,
91.198.48.0 91.198.48.255,
91.208.16.0 91.208.16.255,
91.198.115.0 91.198.115.255,
91.216.39.0 91.216.39.255,
91.199.30.0 91.199.30.255,
91.208.240.0 91.208.240.255,
91.233.120.0 91.233.121.255,
91.199.160.0 91.199.160.255,
91.232.255.0 91.232.255.255,
91.216.100.0 91.216.100.255,
85.208.0.0 85.208.3.255,
91.233.38.0 91.233.39.255,
91.209.224.0 91.209.224.255,
91.217.139.0 91.217.139.255,
91.220.229.0 91.220.229.255,
91.210.212.0 91.210.215.255,
91.236.115.0 91.236.115.255,
91.193.58.0 91.193.59.255,
91.228.149.0 91.228.149.255,
91.194.104.0 91.194.105.255,
91.194.182.0 91.194.183.255,
91.212.240.0 91.212.240.255,
91.229.90.0 91.229.91.255,
91.238.18.0 91.238.18.255,
91.229.229.0 91.229.229.255,
91.195.208.0 91.195.209.255,
91.213.217.0 91.213.217.255,
91.238.217.0 91.238.217.255,
91.223.89.0 91.223.89.255,
91.198.37.0 91.198.37.255,
91.208.21.0 91.208.21.255,
91.223.163.0 91.223.163.255,
91.198.208.0 91.198.208.255,
91.208.151.0 91.208.151.255,
91.233.54.0 91.233.54.255,
91.208.236.0 91.208.236.255,
91.242.219.0 91.242.219.255,
91.209.50.0 91.209.50.255,
91.217.80.0 91.217.81.255,
91.209.205.0 91.209.205.255,
91.226.78.0 91.226.78.255,
91.226.160.0 91.226.160.255,
91.228.132.0 91.228.134.255,
91.220.28.0 91.220.28.255,
91.212.123.0 91.212.123.255,
91.220.90.0 91.220.90.255,
91.212.226.0 91.212.226.255,
91.220.184.0 91.220.184.255,
91.213.111.0 91.213.111.255,
91.238.33.0 91.238.33.255,
91.206.92.0 91.206.93.255,
91.213.215.0 91.213.215.255,
91.213.223.0 91.213.223.255,
91.239.130.0 91.239.130.255,
91.231.156.0 91.231.156.255,
91.207.230.0 91.207.231.255,
91.232.22.0 91.232.23.255,
91.240.128.0 91.240.128.255,
91.240.175.0 91.240.175.255,
91.198.158.0 91.198.158.255,
91.223.236.0 91.223.236.255,
91.240.214.0 91.240.215.255,
91.198.185.0 91.198.185.255,
91.198.210.0 91.198.210.255,
91.208.128.0 91.208.128.255,
91.208.162.0 91.208.162.255,
91.208.208.0 91.208.208.255,
91.233.89.0 91.233.89.255,
2.56.0.0 2.59.255.255,
1.18.136.0 1.19.255.255,
23.132.225.0 23.132.255.255,
23.138.66.0 23.138.95.255,
23.132.161.0 23.132.191.255,
37.139.132.0 37.139.135.255,
23.191.65.0 23.191.127.255,
31.12.80.0 31.12.95.255,
23.146.65.0 23.146.95.255,
23.181.65.0 23.181.127.255,
23.181.193.0 23.181.255.255,
23.182.66.0 23.182.127.255,
23.185.1.0 23.185.63.255,
23.185.129.0 23.185.191.255,
23.186.129.0 23.186.191.255,
23.187.2.0 23.187.63.255,
23.190.193.0 23.190.255.255,
23.129.1.0 23.129.31.255,
91.199.172.0 91.199.172.255,
91.199.163.0 91.199.163.255,
23.128.1.0 23.128.23.255,
23.174.161.0 23.174.191.255,
23.128.33.0 23.128.63.255,
23.128.97.0 23.128.123.255,
23.129.65.0 23.129.95.255,
23.130.65.0 23.130.95.255,
23.130.193.0 23.130.223.255,
23.131.1.0 23.131.31.255,
23.135.129.0 23.135.159.255,
23.135.194.0 23.135.223.255,
23.136.33.0 23.136.63.255,
23.136.161.0 23.136.191.255,
23.138.130.0 23.138.159.255,
23.138.193.0 23.138.223.255,
23.139.1.0 23.139.31.255,
23.139.33.0 23.139.63.255,
23.140.161.0 23.140.191.255,
23.146.1.0 23.146.31.255,
23.143.129.0 23.143.159.255,
45.80.0.0 45.95.255.255,
23.142.33.0 23.142.63.255,
23.145.193.0 23.145.223.255,
45.171.20.0 45.171.23.255,
45.169.98.0 45.169.99.255,
23.142.97.0 23.142.127.255,
23.143.65.0 23.143.95.255,
45.171.83.0 45.171.83.255,
45.112.240.0 45.112.243.255,
23.149.33.0 23.149.63.255,
23.149.129.0 23.149.159.255,
23.151.97.0 23.151.127.255,
23.151.129.0 23.151.159.255,
23.153.161.0 23.153.191.255,
23.153.225.0 23.153.255.255,
23.154.97.0 23.154.127.255,
23.154.161.0 23.154.191.255,
23.156.193.0 23.156.223.255,
23.157.193.0 23.157.223.255,
23.157.1.0 23.157.31.255,
23.157.65.0 23.157.95.255,
23.158.129.0 23.158.159.255,
23.158.225.0 23.158.255.255,
23.159.97.0 23.159.127.255,
23.159.161.0 23.159.223.255,
23.163.193.0 23.163.223.255,
23.164.1.0 23.164.31.255,
23.164.161.0 23.164.191.255,
23.165.225.0 23.165.255.255,
23.166.193.0 23.166.223.255,
23.167.1.0 23.167.31.255,
23.167.129.0 23.167.159.255,
23.167.225.0 23.167.255.255,
23.169.129.0 23.169.159.255,
23.169.225.0 23.169.255.255,
23.171.129.0 23.171.159.255,
5.180.0.0 5.183.255.255,
23.172.1.0 23.172.31.255,
23.172.66.0 23.172.95.255,
23.172.161.0 23.172.191.255,
23.172.225.0 23.172.255.255,
23.187.193.0 23.187.255.255,
23.188.66.0 23.188.191.255,
45.168.174.0 45.168.175.255,
45.169.252.0 45.169.252.255,
23.172.193.0 23.172.223.255,
23.173.1.0 23.173.31.255,
23.172.97.0 23.172.159.255,
23.172.33.0 23.172.63.255,
23.181.129.0 23.181.191.255,
23.182.1.0 23.182.63.255,
23.184.65.0 23.184.127.255,
23.184.193.0 23.184.255.255,
23.186.65.0 23.186.127.255,
23.186.193.0 23.186.255.255,
23.189.193.0 23.189.255.255,
23.191.1.0 23.191.63.255,
23.128.26.0 23.128.31.255,
23.130.98.0 23.130.127.255,
45.171.148.0 45.191.255.255,
45.170.224.0 45.170.227.255,
23.128.66.0 23.128.95.255,
23.128.126.0 23.128.127.255,
23.128.225.0 23.128.255.255,
23.129.33.0 23.129.63.255,
23.130.161.0 23.130.191.255,
23.130.225.0 23.130.255.255,
23.134.129.0 23.134.159.255,
23.134.195.0 23.134.223.255,
23.135.161.0 23.135.191.255,
23.136.65.0 23.136.95.255,
23.137.1.0 23.137.31.255,
23.137.161.0 23.137.191.255,
23.140.65.0 23.140.95.255,
23.138.225.0 23.138.255.255,
23.140.129.0 23.140.159.255,
23.142.1.0 23.142.31.255,
23.143.33.0 23.143.63.255,
23.145.161.0 23.145.191.255,
23.146.33.0 23.146.63.255,
23.148.225.0 23.149.31.255,
23.151.161.0 23.151.191.255,
23.154.3.0 23.154.31.255,
23.153.65.0 23.153.95.255,
23.153.129.0 23.153.159.255,
23.154.129.0 23.154.159.255,
23.154.65.0 23.154.95.255,
23.154.193.0 23.154.223.255,
23.154.225.0 23.154.255.255,
23.157.97.0 23.157.127.255,
23.158.161.0 23.158.223.255,
23.159.129.0 23.159.159.255,
23.159.65.0 23.159.95.255,
23.160.33.0 23.160.63.255,
23.160.65.0 23.160.95.255,
23.161.129.0 23.161.159.255,
23.161.193.0 23.161.223.255,
23.163.65.0 23.163.95.255,
23.163.161.0 23.163.191.255,
23.164.33.0 23.164.63.255,
23.164.97.0 23.164.159.255,
23.166.97.0 23.166.127.255,
23.166.161.0 23.166.191.255,
23.167.33.0 23.167.63.255,
23.167.97.0 23.167.127.255,
23.169.33.0 23.169.63.255,
23.169.97.0 23.169.127.255,
23.170.1.0 23.170.31.255,
23.171.161.0 23.171.191.255,
23.174.193.0 23.174.223.255,
23.174.130.0 23.174.159.255,
23.174.225.0 23.174.255.255,
23.175.193.0 23.175.255.255,
23.133.161.0 23.133.191.255,
23.133.225.0 23.133.255.255,
23.134.98.0 23.134.127.255,
10.0.0.0 10.255.255.255,
5.11.56.0 5.11.63.255,
23.178.193.0 23.178.255.255,
23.179.194.0 23.179.255.255,
23.180.65.0 23.180.127.255,
23.189.129.0 23.189.191.255,
23.190.65.0 23.190.127.255,
23.141.129.0 23.141.159.255,
23.150.65.0 23.150.95.255,
23.148.194.0 23.148.223.255,
23.148.161.0 23.148.191.255,
23.130.1.0 23.130.31.255,
23.129.161.0 23.129.191.255,
23.131.225.0 23.131.255.255,
23.132.33.0 23.132.63.255,
23.133.33.0 23.133.63.255,
23.135.65.0 23.135.95.255,
23.162.225.0 23.162.255.255,
23.137.65.0 23.137.95.255,
23.139.161.0 23.139.191.255,
23.139.225.0 23.139.255.255,
23.141.225.0 23.141.255.255,
23.143.161.0 23.143.223.255,
23.142.129.0 23.142.159.255,
23.142.193.0 23.142.223.255,
23.144.65.0 23.144.95.255,
23.144.1.0 23.144.31.255,
23.144.129.0 23.144.159.255,
23.144.193.0 23.144.223.255,
23.146.97.0 23.146.127.255,
23.146.225.0 23.146.255.255,
23.146.161.0 23.146.191.255,
45.114.236.0 45.114.239.255,
23.147.33.0 23.147.63.255,
23.147.161.0 23.147.191.255,
23.147.97.0 23.147.127.255,
46.231.240.0 46.231.247.255,
23.151.65.0 23.151.95.255,
23.155.131.0 23.155.159.255,
23.151.1.0 23.151.31.255,
23.150.193.0 23.150.223.255,
23.151.225.0 23.151.255.255,
23.152.33.0 23.152.63.255,
23.152.161.0 23.152.191.255,
23.152.225.0 23.152.255.255,
23.157.225.0 23.157.255.255,
23.161.33.0 23.161.63.255,
23.163.33.0 23.163.63.255,
23.156.97.0 23.156.127.255,
23.158.97.0 23.158.127.255,
23.158.33.0 23.158.95.255,
23.160.161.0 23.160.191.255,
23.160.97.0 23.160.127.255,
23.165.65.0 23.165.95.255,
23.169.193.0 23.169.223.255,
23.165.1.0 23.165.31.255,
23.162.65.0 23.162.95.255,
23.165.129.0 23.165.159.255,
23.169.1.0 23.169.31.255,
23.168.194.0 23.168.223.255,
23.167.193.0 23.167.223.255,
61.111.64.0 61.111.111.255,
23.170.66.0 23.170.95.255,
61.249.160.0 61.249.223.255,
61.248.192.0 61.248.223.255,
61.251.32.0 61.251.63.255,
61.251.112.0 61.251.159.255,
61.111.192.0 61.111.239.255,
61.248.228.0 61.249.91.255,
23.171.1.0 23.171.31.255,
23.171.65.0 23.171.95.255,
23.173.97.0 23.173.127.255,
23.173.161.0 23.173.191.255,
23.175.2.0 23.175.63.255,
23.175.129.0 23.175.191.255,
23.178.2.0 23.178.63.255,
23.177.65.0 23.177.127.255,
27.100.4.0 27.100.7.255,
23.177.1.0 23.177.63.255,
23.177.193.0 23.177.255.255,
23.178.65.0 23.178.127.255,
23.180.1.0 23.180.63.255,
23.180.129.0 23.180.191.255,
23.183.65.0 23.183.127.255,
23.183.194.0 23.183.255.255,
23.129.225.0 23.129.255.255,
23.133.5.0 23.133.31.255,
23.129.193.0 23.129.223.255,
23.129.129.0 23.129.159.255,
23.131.33.0 23.131.63.255,
23.131.66.0 23.131.95.255,
23.131.193.0 23.131.223.255,
23.132.1.0 23.132.31.255,
23.133.65.0 23.133.95.255,
23.133.129.0 23.133.159.255,
23.134.1.0 23.134.31.255,
23.134.65.0 23.134.95.255,
23.137.97.0 23.137.127.255,
23.137.129.0 23.137.159.255,
23.139.129.0 23.139.159.255,
23.139.193.0 23.139.223.255,
23.143.225.0 23.143.255.255,
23.144.33.0 23.144.63.255,
23.144.161.0 23.144.191.255,
23.144.225.0 23.144.255.255,
23.145.33.0 23.145.63.255,
23.145.97.0 23.145.127.255,
23.146.193.0 23.146.223.255,
23.147.1.0 23.147.31.255,
23.148.4.0 23.148.31.255,
23.148.65.0 23.148.95.255,
23.150.33.0 23.150.63.255,
23.150.97.0 23.150.127.255,
23.151.33.0 23.151.63.255,
23.152.1.0 23.152.31.255,
23.152.130.0 23.152.159.255,
23.152.194.0 23.152.223.255,
23.158.1.0 23.158.31.255,
23.161.2.0 23.161.31.255,
23.160.194.0 23.160.223.255,
23.160.129.0 23.160.159.255,
23.161.225.0 23.161.255.255,
23.162.33.0 23.162.63.255,
23.163.1.0 23.163.31.255,
23.164.225.0 23.164.255.255,
23.166.65.0 23.166.95.255,
23.166.33.0 23.166.63.255,
23.168.161.0 23.168.191.255,
23.168.225.0 23.168.255.255,
23.170.161.0 23.170.191.255,
23.170.97.0 23.170.127.255,
23.170.225.0 23.170.255.255,
64.66.32.0 64.66.47.255,
23.174.3.0 23.174.31.255,
23.175.65.0 23.175.127.255,
23.174.65.0 23.174.95.255,
66.118.242.0 66.118.255.255,
66.118.0.0 66.118.7.255,
66.118.9.0 66.118.63.255,
69.12.52.0 69.12.53.255,
67.159.192.0 67.159.207.255,
74.114.200.0 74.114.203.255,
67.210.0.0 67.210.15.255,
66.205.224.0 66.205.255.255,
74.114.112.0 74.114.115.255,
74.112.100.0 74.112.103.255,
72.18.65.0 72.18.95.255,
74.117.36.0 74.117.39.255,
74.119.24.0 74.119.27.255,
74.122.140.0 74.122.143.255,
91.220.131.0 91.220.131.255,
91.228.251.0 91.228.251.255,
74.117.80.0 74.117.83.255,
74.123.136.0 74.123.143.255,
91.194.166.0 91.194.167.255,
74.123.96.0 74.123.103.255,
74.122.24.0 74.122.27.255,
91.212.255.0 91.212.255.255,
91.220.206.0 91.220.206.255,
74.116.224.0 74.116.227.255,
74.121.24.0 74.121.27.255,
77.73.104.0 77.73.111.255,
91.221.92.0 91.221.93.255,
91.229.248.0 91.229.248.255,
91.230.27.0 91.230.27.255,
81.22.64.0 81.22.95.255,
91.230.188.0 91.230.188.255,
91.239.157.0 91.239.157.255,
91.207.70.0 91.207.73.255,
91.207.164.0 91.207.165.255,
91.240.33.0 91.240.33.255,
91.207.222.0 91.207.223.255,
91.208.31.0 91.208.31.255,
91.198.123.0 91.198.123.255,
91.198.170.0 91.198.172.255,
91.208.64.0 91.208.64.255,
91.208.113.0 91.208.113.255,
91.198.192.0 91.198.192.255,
91.198.196.0 91.198.196.255,
91.199.9.0 91.199.9.255,
91.208.184.0 91.208.184.255,
91.199.102.0 91.199.102.255,
91.208.228.0 91.208.228.255,
91.208.251.0 91.208.251.255,
91.224.246.0 91.224.247.255,
91.209.90.0 91.209.90.255,
91.209.105.0 91.209.105.255,
91.246.13.0 91.246.13.255,
94.154.112.0 94.154.127.255,
91.209.209.0 91.209.209.255,
91.217.195.0 91.217.195.255,
91.234.254.0 91.234.255.255,
91.217.236.0 91.217.236.255,
91.201.4.0 91.201.7.255,
91.227.168.0 91.227.168.255,
91.236.12.0 91.236.12.255,
91.212.14.0 91.212.14.255,
91.212.49.0 91.212.49.255,
91.212.45.0 91.212.45.255,
91.212.54.0 91.212.55.255,
91.212.72.0 91.212.73.255,
91.220.71.0 91.220.71.255,
91.220.84.0 91.220.84.255,
91.212.120.0 91.212.120.255,
91.212.163.0 91.212.163.255,
91.194.140.0 91.194.141.255,
91.194.254.0 91.194.255.255,
91.220.176.0 91.220.176.255,
91.229.185.0 91.229.185.255,
91.195.50.0 91.195.51.255,
91.213.72.0 91.213.72.255,
91.238.92.0 91.238.93.255,
91.195.222.0 91.195.223.255,
91.213.220.0 91.213.220.255,
91.239.15.0 91.239.15.255,
91.221.240.0 91.221.241.255,
91.230.168.0 91.230.168.255,
91.239.37.0 91.239.37.255,
31.22.12.0 31.22.15.255,
91.223.28.0 91.223.28.255,
91.223.75.0 91.223.75.255,
31.12.72.0 31.12.75.255,
79.98.240.0 79.98.247.255,
91.198.66.0 91.198.66.255,
91.207.196.0 91.207.197.255,
0.0.0.0 0.255.255.255,
91.198.147.0 91.198.147.255,
91.208.48.0 91.208.48.255,
91.208.104.0 91.208.104.255,
81.4.0.0 81.4.63.255,
91.198.215.0 91.198.215.255,
91.199.248.0 91.199.248.255,
91.229.25.0 91.229.25.255,
36.50.0.0 36.50.255.255,
81.161.228.0 81.161.231.255,
91.209.21.0 91.209.22.255,
91.106.220.0 91.106.223.255,
91.199.223.0 91.199.223.255,
91.208.137.0 91.208.137.255,
86.111.208.0 86.111.211.255,
91.208.176.0 91.208.177.255,
85.208.8.0 85.209.255.255,
85.158.12.0 85.158.15.255,
91.199.209.0 91.199.209.255,
91.233.20.0 91.233.20.255,
91.209.151.0 91.209.151.255,
91.209.215.0 91.209.215.255,
91.209.230.0 91.209.231.255,
91.217.135.0 91.217.135.255,
91.226.76.0 91.226.76.255,
91.226.96.0 91.226.96.255,
91.217.223.0 91.217.223.255,
91.217.249.0 91.217.250.255,
91.227.246.0 91.227.247.255,
91.236.104.0 91.236.104.255,
91.236.120.0 91.236.121.255,
91.206.48.0 91.206.49.255,
91.212.100.0 91.212.100.255,
91.220.81.0 91.220.81.255,
1.16.64.0 1.18.115.255,
91.228.206.0 91.228.206.255,
91.237.153.0 91.237.153.255,
91.194.118.0 91.194.119.255,
91.194.240.0 91.194.241.255,
91.212.220.0 91.212.220.255,
91.220.186.0 91.220.186.255,
91.220.202.0 91.220.203.255,
91.229.104.0 91.229.105.255,
91.229.182.0 91.229.182.255,
91.221.76.0 91.221.77.255,
91.221.116.0 91.221.117.255,
91.238.114.0 91.238.114.255,
91.207.12.0 91.207.13.255,
91.213.138.0 91.213.138.255,
91.213.167.0 91.213.167.255,
91.221.232.0 91.221.233.255,
91.230.82.0 91.230.82.255,
91.231.89.0 91.231.89.255,
91.207.94.0 91.207.97.255,
91.240.71.0 91.240.71.255,
91.198.28.0 91.198.28.255,
91.207.234.0 91.207.235.255,
91.208.0.0 91.208.0.255,
91.223.99.0 91.223.99.255,
91.223.126.0 91.223.126.255,
91.216.11.0 91.216.11.255,
91.232.235.0 91.232.235.255,
91.198.220.0 91.198.220.255,
91.198.254.0 91.198.254.255,
91.224.64.0 91.224.65.255,
91.224.100.0 91.224.101.255,
91.199.42.0 91.199.42.255,
91.199.108.0 91.199.108.255,
91.233.130.0 91.233.131.255,
91.234.10.0 91.234.10.255,
91.199.123.0 91.199.123.255,
91.199.182.0 91.199.182.255,
91.209.68.0 91.209.68.255,
91.217.6.0 91.217.7.255,
91.234.20.0 91.234.20.255,
91.209.149.0 91.209.149.255,
91.217.162.0 91.217.162.255,
91.226.40.0 91.226.41.255,
91.244.182.0 91.244.182.255,
91.217.239.0 91.217.239.255,
91.227.132.0 91.227.133.255,
91.235.148.0 91.235.148.255,
91.193.74.0 91.193.74.255,
91.235.241.0 91.235.241.255,
91.194.0.0 91.194.1.255,
91.194.24.0 91.194.25.255,
91.212.141.0 91.212.142.255,
91.212.201.0 91.212.201.255,
91.237.53.0 91.237.53.255,
91.237.129.0 91.237.129.255,
91.213.29.0 91.213.29.255,
91.220.171.0 91.220.171.255,
91.237.208.0 91.237.208.255,
91.213.49.0 91.213.50.255,
91.213.120.0 91.213.121.255,
91.221.86.0 91.221.87.255,
91.195.174.0 91.195.175.255,
91.195.212.0 91.195.213.255,
91.206.106.0 91.206.107.255,
91.213.148.0 91.213.148.255,
91.206.140.0 91.206.141.255,
91.206.202.0 91.206.205.255,
91.230.228.0 91.230.229.255,
91.231.47.0 91.231.47.255,
91.223.70.0 91.223.70.255,
91.231.142.0 91.231.143.255,
91.239.238.0 91.239.238.255,
91.207.178.0 91.207.179.255,
91.223.169.0 91.223.169.255,
103.79.128.0 103.79.131.255,
159.65.238.243 159.65.239.255,
